<?xml version="1.0" encoding="utf-8"?>
<items date="2013-03-13T16:24:37+01:00"><item timestamp="1360830177"><id>1</id><profile>1</profile><name><![CDATA[iPod Nano]]></name><genre><![CDATA[iPods]]></genre><genre><![CDATA[Accueil]]></genre><price>141.55</price><tag><![CDATA[apple,ipod,nano]]></tag><description><![CDATA[Des courbes avantageuses.  Pour les amateurs de sensations, voici neuf nouveaux coloris. Et ce n'est pas tout ! Faites l'expérience du design elliptique en aluminum et verre. Vous ne voudrez plus le lâcher.  Beau et intelligent.  La nouvelle fonctionnalité Genius fait d'iPod nano votre DJ personnel. Genius crée des listes de lecture en recherchant dans votre bibliothèque les chansons qui vont bien ensemble.  Fait pour bouger avec vous.  iPod nano est équipé de l'accéléromètre. Secouez-le pour mélanger votre musique. Basculez-le pour afficher Cover Flow. Et découvrez des jeux adaptés à vos mouvements.]]></description><supplierid>1</supplierid><recommendable>true</recommendable><searchable>true</searchable><attribute><attName>producturl</attName><attValue><![CDATA[http://www2.module-prediggo-15.com/index.php?id_product=1&controller=product]]></attValue></attribute><attribute><attName>imageurl</attName><attValue><![CDATA[http://www.module-prediggo-15.com/img/p/1/5/15-large.jpg]]></attValue></attribute><attribute><attName><![CDATA[Capacité]]></attName><attValue><![CDATA[16Go]]></attValue></attribute><attribute><attName><![CDATA[Couleur]]></attName><attValue><![CDATA[Bleu]]></attValue></attribute><attribute><attName><![CDATA[Capacité]]></attName><attValue><![CDATA[8Go]]></attValue></attribute><attribute><attName><![CDATA[Couleur]]></attName><attValue><![CDATA[Bleu]]></attValue></attribute><attribute><attName><![CDATA[Capacité]]></attName><attValue><![CDATA[16Go]]></attValue></attribute><attribute><attName><![CDATA[Couleur]]></attName><attValue><![CDATA[Jaune]]></attValue></attribute><attribute><attName><![CDATA[Capacité]]></attName><attValue><![CDATA[8Go]]></attValue></attribute><attribute><attName><![CDATA[Couleur]]></attName><attValue><![CDATA[Jaune]]></attValue></attribute><attribute><attName><![CDATA[Capacité]]></attName><attValue><![CDATA[16Go]]></attValue></attribute><attribute><attName><![CDATA[Couleur]]></attName><attValue><![CDATA[Metal]]></attValue></attribute><attribute><attName><![CDATA[Capacité]]></attName><attValue><![CDATA[8Go]]></attValue></attribute><attribute><attName><![CDATA[Couleur]]></attName><attValue><![CDATA[Metal]]></attValue></attribute><attribute><attName><![CDATA[Capacité]]></attName><attValue><![CDATA[16Go]]></attValue></attribute><attribute><attName><![CDATA[Couleur]]></attName><attValue><![CDATA[Noir]]></attValue></attribute><attribute><attName><![CDATA[Capacité]]></attName><attValue><![CDATA[8Go]]></attValue></attribute><attribute><attName><![CDATA[Couleur]]></attName><attValue><![CDATA[Noir]]></attValue></attribute><attribute><attName><![CDATA[Capacité]]></attName><attValue><![CDATA[16Go]]></attValue></attribute><attribute><attName><![CDATA[Couleur]]></attName><attValue><![CDATA[Orange]]></attValue></attribute><attribute><attName><![CDATA[Capacité]]></attName><attValue><![CDATA[8Go]]></attValue></attribute><attribute><attName><![CDATA[Couleur]]></attName><attValue><![CDATA[Orange]]></attValue></attribute><attribute><attName><![CDATA[Capacité]]></attName><attValue><![CDATA[16Go]]></attValue></attribute><attribute><attName><![CDATA[Couleur]]></attName><attValue><![CDATA[Rose]]></attValue></attribute><attribute><attName><![CDATA[Capacité]]></attName><attValue><![CDATA[8Go]]></attValue></attribute><attribute><attName><![CDATA[Couleur]]></attName><attValue><![CDATA[Rose]]></attValue></attribute><attribute><attName><![CDATA[Capacité]]></attName><attValue><![CDATA[16Go]]></attValue></attribute><attribute><attName><![CDATA[Couleur]]></attName><attValue><![CDATA[Vert]]></attValue></attribute><attribute><attName><![CDATA[Capacité]]></attName><attValue><![CDATA[8Go]]></attValue></attribute><attribute><attName><![CDATA[Couleur]]></attName><attValue><![CDATA[Vert]]></attValue></attribute><attribute><attName><![CDATA[Capacité]]></attName><attValue><![CDATA[16Go]]></attValue></attribute><attribute><attName><![CDATA[Couleur]]></attName><attValue><![CDATA[Violet]]></attValue></attribute><attribute><attName><![CDATA[Capacité]]></attName><attValue><![CDATA[8Go]]></attValue></attribute><attribute><attName><![CDATA[Couleur]]></attName><attValue><![CDATA[Violet]]></attValue></attribute><attribute><attName><![CDATA[accessory]]></attName><attValue><![CDATA[5]]></attValue></attribute></item>
<item timestamp="1360830177"><id>1</id><profile>2</profile><name><![CDATA[iPod Nano]]></name><genre><![CDATA[iPods]]></genre><genre><![CDATA[Accueil]]></genre><price>141.55</price><tag><![CDATA[apple,ipod,nano]]></tag><description><![CDATA[Des courbes avantageuses.  Pour les amateurs de sensations, voici neuf nouveaux coloris. Et ce n'est pas tout ! Faites l'expérience du design elliptique en aluminum et verre. Vous ne voudrez plus le lâcher.  Beau et intelligent.  La nouvelle fonctionnalité Genius fait d'iPod nano votre DJ personnel. Genius crée des listes de lecture en recherchant dans votre bibliothèque les chansons qui vont bien ensemble.  Fait pour bouger avec vous.  iPod nano est équipé de l'accéléromètre. Secouez-le pour mélanger votre musique. Basculez-le pour afficher Cover Flow. Et découvrez des jeux adaptés à vos mouvements.]]></description><supplierid>1</supplierid><recommendable>true</recommendable><searchable>true</searchable><attribute><attName>producturl</attName><attValue><![CDATA[http://www2.module-prediggo-15.com/index.php?id_product=1&controller=product]]></attValue></attribute><attribute><attName>imageurl</attName><attValue><![CDATA[http://www.module-prediggo-15.com/img/p/1/5/15-large.jpg]]></attValue></attribute><attribute><attName><![CDATA[Capacité]]></attName><attValue><![CDATA[16Go]]></attValue></attribute><attribute><attName><![CDATA[Couleur]]></attName><attValue><![CDATA[Bleu]]></attValue></attribute><attribute><attName><![CDATA[Capacité]]></attName><attValue><![CDATA[8Go]]></attValue></attribute><attribute><attName><![CDATA[Couleur]]></attName><attValue><![CDATA[Bleu]]></attValue></attribute><attribute><attName><![CDATA[Capacité]]></attName><attValue><![CDATA[16Go]]></attValue></attribute><attribute><attName><![CDATA[Couleur]]></attName><attValue><![CDATA[Jaune]]></attValue></attribute><attribute><attName><![CDATA[Capacité]]></attName><attValue><![CDATA[8Go]]></attValue></attribute><attribute><attName><![CDATA[Couleur]]></attName><attValue><![CDATA[Jaune]]></attValue></attribute><attribute><attName><![CDATA[Capacité]]></attName><attValue><![CDATA[16Go]]></attValue></attribute><attribute><attName><![CDATA[Couleur]]></attName><attValue><![CDATA[Metal]]></attValue></attribute><attribute><attName><![CDATA[Capacité]]></attName><attValue><![CDATA[8Go]]></attValue></attribute><attribute><attName><![CDATA[Couleur]]></attName><attValue><![CDATA[Metal]]></attValue></attribute><attribute><attName><![CDATA[Capacité]]></attName><attValue><![CDATA[16Go]]></attValue></attribute><attribute><attName><![CDATA[Couleur]]></attName><attValue><![CDATA[Noir]]></attValue></attribute><attribute><attName><![CDATA[Capacité]]></attName><attValue><![CDATA[8Go]]></attValue></attribute><attribute><attName><![CDATA[Couleur]]></attName><attValue><![CDATA[Noir]]></attValue></attribute><attribute><attName><![CDATA[Capacité]]></attName><attValue><![CDATA[16Go]]></attValue></attribute><attribute><attName><![CDATA[Couleur]]></attName><attValue><![CDATA[Orange]]></attValue></attribute><attribute><attName><![CDATA[Capacité]]></attName><attValue><![CDATA[8Go]]></attValue></attribute><attribute><attName><![CDATA[Couleur]]></attName><attValue><![CDATA[Orange]]></attValue></attribute><attribute><attName><![CDATA[Capacité]]></attName><attValue><![CDATA[16Go]]></attValue></attribute><attribute><attName><![CDATA[Couleur]]></attName><attValue><![CDATA[Rose]]></attValue></attribute><attribute><attName><![CDATA[Capacité]]></attName><attValue><![CDATA[8Go]]></attValue></attribute><attribute><attName><![CDATA[Couleur]]></attName><attValue><![CDATA[Rose]]></attValue></attribute><attribute><attName><![CDATA[Capacité]]></attName><attValue><![CDATA[16Go]]></attValue></attribute><attribute><attName><![CDATA[Couleur]]></attName><attValue><![CDATA[Vert]]></attValue></attribute><attribute><attName><![CDATA[Capacité]]></attName><attValue><![CDATA[8Go]]></attValue></attribute><attribute><attName><![CDATA[Couleur]]></attName><attValue><![CDATA[Vert]]></attValue></attribute><attribute><attName><![CDATA[Capacité]]></attName><attValue><![CDATA[16Go]]></attValue></attribute><attribute><attName><![CDATA[Couleur]]></attName><attValue><![CDATA[Violet]]></attValue></attribute><attribute><attName><![CDATA[Capacité]]></attName><attValue><![CDATA[8Go]]></attValue></attribute><attribute><attName><![CDATA[Couleur]]></attName><attValue><![CDATA[Violet]]></attValue></attribute><attribute><attName><![CDATA[accessory]]></attName><attValue><![CDATA[5]]></attValue></attribute></item>
<item timestamp="1360830178"><id>2</id><profile>1</profile><name><![CDATA[iPod shuffle]]></name><genre><![CDATA[iPods]]></genre><genre><![CDATA[Accueil]]></genre><price>79.00</price><tag><![CDATA[shuffle,ipod]]></tag><description><![CDATA[Un lien immédiat.  Portez jusqu'à 500 chansons accrochées à votre manche, à votre ceinture ou à votre short. Arborez votre iPod shuffle comme signe extérieur de votre passion pour la musique. Existe désormais en quatre nouveaux coloris encore plus éclatants.  Emplissez votre iPod shuffle.  iTunes est un immense magasin dédié au divertissement, une collection musicale parfaitement organisée et un jukebox. Vous pouvez en un seul clic remplir votre iPod shuffle de chansons.  La musique en technicolor.  iPod shuffle s'affiche désormais dans de nouveaux coloris intenses qui rehaussent le design épuré du boîtier en aluminium anodisé. Choisissez parmi le bleu, le vert, le rose, le rouge et l'argenté d'origine.]]></description><supplierid>1</supplierid><recommendable>true</recommendable><searchable>true</searchable><attribute><attName>producturl</attName><attValue><![CDATA[http://www2.module-prediggo-15.com/index.php?id_product=2&controller=product]]></attValue></attribute><attribute><attName>imageurl</attName><attValue><![CDATA[http://www.module-prediggo-15.com/img/p/2/3/23-large.jpg]]></attValue></attribute><attribute><attName><![CDATA[Couleur]]></attName><attValue><![CDATA[Bleu]]></attValue></attribute><attribute><attName><![CDATA[Couleur]]></attName><attValue><![CDATA[Vert]]></attValue></attribute><attribute><attName><![CDATA[Couleur]]></attName><attValue><![CDATA[Metal]]></attValue></attribute><attribute><attName><![CDATA[Couleur]]></attName><attValue><![CDATA[Rose]]></attValue></attribute></item>
 
<item timestamp="1360830178"><id>3</id><profile>1</profile><name><![CDATA[MacBook Air]]></name><genre><![CDATA[Portables]]></genre><genre><![CDATA[Accueil]]></genre><price>1799.00</price><tag><![CDATA[apple,air,macbookair,macbook]]></tag><description><![CDATA[MacBook Air est presque aussi fin que votre index. Pratiquement tout ce qui pouvait être simplifié l'a été. Il n'en dispose pas moins d'un écran panoramique de 13,3 pouces, d'un clavier complet et d'un vaste trackpad multi-touch. Incomparablement portable il vous évite les compromis habituels en matière d'écran et de clavier ultra-portables.L'incroyable finesse de MacBook Air est le résultat d'un grand nombre d'innovations en termes de réduction de la taille et du poids. D'un disque dur plus fin à des ports d'E/S habilement dissimulés en passant par une batterie plus plate, chaque détail a été considéré et reconsidéré avec la finesse à l'esprit.MacBook Air a été conçu et élaboré pour profiter pleinement du monde sans fil. Un monde dans lequel la norme Wi-Fi 802.11n est désormais si rapide et si accessible qu'elle permet véritablement de se libérer de toute attache pour acheter des vidéos en ligne, télécharger des logicééééiels, stocker et partager des fichiers sur le Web.]]></description><supplierid>1</supplierid><recommendable>true</recommendable><searchable>true</searchable><attribute><attName>producturl</attName><attValue><![CDATA[http://www2.module-prediggo-15.com/index.php?id_product=3&controller=product]]></attValue></attribute><attribute><attName>imageurl</attName><attValue><![CDATA[http://www.module-prediggo-15.com/img/p/1/1-large.jpg]]></attValue></attribute><attribute><attName><![CDATA[Capacité]]></attName><attValue><![CDATA[Disque dur PATA de 80 Go à 4 200 tr/min]]></attValue></attribute><attribute><attName><![CDATA[Couleur]]></attName><attValue><![CDATA[Metal]]></attValue></attribute><attribute><attName><![CDATA[ICU]]></attName><attValue><![CDATA[Intel Core 2 Duo à 1,6 GHz]]></attValue></attribute><attribute><attName><![CDATA[Capacité]]></attName><attValue><![CDATA[Disque dur SSD (solid-state drive) de 64 Go ]]></attValue></attribute><attribute><attName><![CDATA[Couleur]]></attName><attValue><![CDATA[Metal]]></attValue></attribute><attribute><attName><![CDATA[ICU]]></attName><attValue><![CDATA[Intel Core 2 Duo à 1,6 GHz]]></attValue></attribute><attribute><attName><![CDATA[Capacité]]></attName><attValue><![CDATA[Disque dur PATA de 80 Go à 4 200 tr/min]]></attValue></attribute><attribute><attName><![CDATA[Couleur]]></attName><attValue><![CDATA[Metal]]></attValue></attribute><attribute><attName><![CDATA[ICU]]></attName><attValue><![CDATA[Intel Core 2 Duo à 1,8 GHz]]></attValue></attribute><attribute><attName><![CDATA[Capacité]]></attName><attValue><![CDATA[Disque dur SSD (solid-state drive) de 64 Go ]]></attValue></attribute><attribute><attName><![CDATA[Couleur]]></attName><attValue><![CDATA[Metal]]></attValue></attribute><attribute><attName><![CDATA[ICU]]></attName><attValue><![CDATA[Intel Core 2 Duo à 1,8 GHz]]></attValue></attribute></item>
 
<item timestamp="1360830178"><id>4</id><profile>1</profile><name><![CDATA[MacBook]]></name><genre><![CDATA[Portables]]></genre><genre><![CDATA[Accueil]]></genre><price>1400.00</price><tag><![CDATA[superdrive,apple]]></tag><description><![CDATA[Chaque MacBook est équipé d'un disque dur plus spacieux, d'une capacité atteignant 250 Go, pour stocker vos collections multimédia en expansion et vos données précieuses.Le modèle MacBook à 2,4 GHz intègre désormais 2 Go de mémoire en standard. L'idéal pour exécuter en souplesse vos applications préférées.]]></description><supplierid>1</supplierid><recommendable>true</recommendable><searchable>true</searchable><attribute><attName>producturl</attName><attValue><![CDATA[http://www2.module-prediggo-15.com/index.php?id_product=4&controller=product]]></attValue></attribute><attribute><attName>imageurl</attName><attValue><![CDATA[http://www.module-prediggo-15.com/img/p/6/6-large.jpg]]></attValue></attribute></item>
 
<item timestamp="1360830178"><id>5</id><profile>1</profile><name><![CDATA[iPod touch]]></name><genre><![CDATA[iPods]]></genre><genre><![CDATA[Accueil]]></genre><price>289.00</price><tag><![CDATA[ipod touch tactile]]></tag><description><![CDATA[Titre 1  Titre 2  Titre 3  Titre 4  Titre 5  Titre 6    UL  UL  UL  UL      OL  OL  OL  OL    paragraphe...  paragraphe...  paragraphe...         th th th           td  td  td      td  td  td        Cinq nouvelles applications sous la main  Consultez vos e-mails au format HTML enrichi, avec photos et pieces jointes au format PDF, Word et Excel. Obtenez des cartes, des itinéraires et des informations sur l'état de la circulation en temps réel. Rédigez des notes et consultez les cours de la Bourse et les bulletins météo.  Touchez du doigt votre musique et vos vidéos. Entre autres.  La technologie multi-touch révolutionnaire intégrée au superbe écran de 3,5 pouces vous permet d'effectuer des zooms avant et arrière, de faire défiler et de feuilleter des pages à l'aide de vos seuls doigts.  Internet dans votre poche  Avec le navigateur Safari, vous pouvez consulter des sites web dans leur mise en page d'origine et effectuer un zoom avant et arrière d'une simple pression sur l'écran.  Contenu du coffret    iPod touch  Écouteurs  Câble USB 2.0  Adaptateur Dock  Chiffon de nettoyage  Support  Guide de démarrage rapide     ]]></description><recommendable>true</recommendable><searchable>true</searchable><attribute><attName>producturl</attName><attValue><![CDATA[http://www2.module-prediggo-15.com/index.php?id_product=5&controller=product]]></attValue></attribute><attribute><attName>imageurl</attName><attValue><![CDATA[http://www.module-prediggo-15.com/img/p/7/7-large.jpg]]></attValue></attribute><attribute><attName><![CDATA[Capacité]]></attName><attValue><![CDATA[8Go]]></attValue></attribute><attribute><attName><![CDATA[Capacité]]></attName><attValue><![CDATA[16Go]]></attValue></attribute><attribute><attName><![CDATA[Capacité]]></attName><attValue><![CDATA[32Go]]></attValue></attribute></item>
 
<item timestamp="1360830178"><id>6</id><profile>1</profile><name><![CDATA[Housse portefeuille en cuir (iPod nano) - Noir/Chocolat]]></name><genre><![CDATA[Accessoires]]></genre><genre><![CDATA[Accueil]]></genre><price>29.95</price><description><![CDATA[Caractéristiques  Cuir doux résistant   Accès au bouton Hold   Fermeture magnétique   Accès au Dock Connector   Protège-écran]]></description><recommendable>true</recommendable><searchable>true</searchable><attribute><attName>producturl</attName><attValue><![CDATA[http://www2.module-prediggo-15.com/index.php?id_product=6&controller=product]]></attValue></attribute><attribute><attName>imageurl</attName><attValue><![CDATA[http://www.module-prediggo-15.com/img/p/1/3/13-large.jpg]]></attValue></attribute></item>
 
<item timestamp="1360830178"><id>7</id><profile>1</profile><name><![CDATA[Écouteurs à isolation sonore Shure SE210]]></name><genre><![CDATA[Accessoires]]></genre><genre><![CDATA[Accueil]]></genre><price>149.00</price><tag><![CDATA[casque,écouteurs,marche]]></tag><description><![CDATA[Basés sur la technologie des moniteurs personnels testée sur la route par des musiciens professionnels et perfectionnée par les ingénieurs Shure, les écouteurs SE210, légers et élégants, fournissent une sortie audio à gamme étendue exempte de tout bruit externe.Conception à isolation sonore Les embouts à isolation sonore fournis bloquent plus de 90 % du bruit ambiant. Combinés à un design ergonomique séduisant et un câble modulaire, ils minimisent les intrusions du monde extérieur, vous permettant de vous concentrer sur votre musique. Conçus pour les amoureux de la musique qui souhaitent faire évoluer leur appareil audio portable, les écouteurs SE210 vous permettent d'emmener la performance avec vous.  Micro-transducteur haute définition Développés pour une écoute de qualité supérieure en déplacement, les écouteurs SE210 utilisent un seul transducteur à armature équilibrée pour bénéficier d'une gamme audio étendue. Le résultat ? Un confort d'écoute époustouflant qui restitue tous les détails d'un spectacle live.  Le kit universel Deluxe comprend les éléments suivants : - Embouts à isolation sonore Les embouts à isolation sonore inclus ont un double rôle : bloquer les bruits ambiants et garantir un maintien et un confort personnalisés. Comme chaque oreille est différente, le kit universel Deluxe comprend trois tailles (S, M, L) d'embouts mousse et flexibles. Choisissez la taille et le style d'embout qui vous conviennent le mieux : une bonne étanchéité est un facteur clé pour optimiser l'isolation sonore et la réponse des basses, ainsi que pour accroître le confort en écoute prolongée.- Câble modulaire En se basant sur les commentaires de nombreux utilisateurs, les ingénieurs de Shure ont développé une solution de câble détachable pour permettre un degré de personnalisation sans précédent. Le câble de 1 mètre fourni vous permet d'adapter votre confort en fonction de l'activité et de l'application. - Étui de transport Outre les embouts à isolation sonore et le câble modulaire, un étui de transport compact et résistant est fourni avec les écouteurs SE210 pour vous permettre de ranger vos écouteurs de manière pratique et sans encombres. - Garantie limitée de deux ans Chaque solution SE210 achetée est couverte par une garantie pièces et main-d'œuvre de deux ans.Caractéristiques techniques     Type de transducteur : micro-transducteur haute définition   Sensibilité (1 mW) : pression acoustique de 114 dB/mW   Impédance (à 1 kHz) : 26 W   Gamme de fréquences : 25 Hz – 18,5 kHz   Longueur de câble / avec rallonge : 45 cm / 136 cm    Contenu du coffret     Écouteurs Shure SE210   Kit universel Deluxe (embouts à isolation sonore, câble modulaire, étui de transport)]]></description><supplierid>2</supplierid><recommendable>true</recommendable><searchable>true</searchable><attribute><attName>producturl</attName><attValue><![CDATA[http://www2.module-prediggo-15.com/index.php?id_product=7&controller=product]]></attValue></attribute><attribute><attName>imageurl</attName><attValue><![CDATA[http://www.module-prediggo-15.com/img/p/1/4/14-large.jpg]]></attValue></attribute></item>
 
</items>